Sheet,Cell / Range,Team,Action,Before,After,Note
PRESEASON,I5,ARI,PASTE VALUE,(blank),6.059,SrcB public avg — equal-weight VSiN p29 / ESPN FPI composite
PRESEASON,I6,ATL,PASTE VALUE,(blank),9.849,SrcB public avg — equal-weight VSiN p29 / ESPN FPI composite
PRESEASON,I7,BAL,PASTE VALUE,(blank),15.9755,SrcB public avg — equal-weight VSiN p29 / ESPN FPI composite
PRESEASON,I8,BUF,PASTE VALUE,(blank),16.305,SrcB public avg — equal-weight VSiN p29 / ESPN FPI composite
PRESEASON,I9,CAR,PASTE VALUE,(blank),9.5485,SrcB public avg — equal-weight VSiN p29 / ESPN FPI composite
PRESEASON,I10,CHI,PASTE VALUE,(blank),13.555,SrcB public avg — equal-weight VSiN p29 / ESPN FPI composite
PRESEASON,I11,CIN,PASTE VALUE,(blank),12.9195,SrcB public avg — equal-weight VSiN p29 / ESPN FPI composite
PRESEASON,I12,CLE,PASTE VALUE,(blank),7.593500000000001,SrcB public avg — equal-weight VSiN p29 / ESPN FPI composite
PRESEASON,I13,DAL,PASTE VALUE,(blank),12.9395,SrcB public avg — equal-weight VSiN p29 / ESPN FPI composite
PRESEASON,I14,DEN,PASTE VALUE,(blank),14.23,SrcB public avg — equal-weight VSiN p29 / ESPN FPI composite
PRESEASON,I15,DET,PASTE VALUE,(blank),14.312,SrcB public avg — equal-weight VSiN p29 / ESPN FPI composite
PRESEASON,I16,GB,PASTE VALUE,(blank),14.609,SrcB public avg — equal-weight VSiN p29 / ESPN FPI composite
PRESEASON,I17,HOU,PASTE VALUE,(blank),13.085,SrcB public avg — equal-weight VSiN p29 / ESPN FPI composite
PRESEASON,I18,IND,PASTE VALUE,(blank),11.3205,SrcB public avg — equal-weight VSiN p29 / ESPN FPI composite
PRESEASON,I19,JAX,PASTE VALUE,(blank),12.562,SrcB public avg — equal-weight VSiN p29 / ESPN FPI composite
PRESEASON,I20,KC,PASTE VALUE,(blank),14.274000000000001,SrcB public avg — equal-weight VSiN p29 / ESPN FPI composite
PRESEASON,I21,LA,PASTE VALUE,(blank),17.677,SrcB public avg — equal-weight VSiN p29 / ESPN FPI composite
PRESEASON,I22,LAC,PASTE VALUE,(blank),13.7,SrcB public avg — equal-weight VSiN p29 / ESPN FPI composite
PRESEASON,I23,LV,PASTE VALUE,(blank),7.4135,SrcB public avg — equal-weight VSiN p29 / ESPN FPI composite
PRESEASON,I24,MIA,PASTE VALUE,(blank),6.1785,SrcB public avg — equal-weight VSiN p29 / ESPN FPI composite
PRESEASON,I25,MIN,PASTE VALUE,(blank),11.3,SrcB public avg — equal-weight VSiN p29 / ESPN FPI composite
PRESEASON,I26,NE,PASTE VALUE,(blank),14.249,SrcB public avg — equal-weight VSiN p29 / ESPN FPI composite
PRESEASON,I27,NO,PASTE VALUE,(blank),9.8415,SrcB public avg — equal-weight VSiN p29 / ESPN FPI composite
PRESEASON,I28,NYG,PASTE VALUE,(blank),10.236,SrcB public avg — equal-weight VSiN p29 / ESPN FPI composite
PRESEASON,I29,NYJ,PASTE VALUE,(blank),6.899,SrcB public avg — equal-weight VSiN p29 / ESPN FPI composite
PRESEASON,I30,PHI,PASTE VALUE,(blank),14.541,SrcB public avg — equal-weight VSiN p29 / ESPN FPI composite
PRESEASON,I31,PIT,PASTE VALUE,(blank),11.221,SrcB public avg — equal-weight VSiN p29 / ESPN FPI composite
PRESEASON,I32,SEA,PASTE VALUE,(blank),16.526,SrcB public avg — equal-weight VSiN p29 / ESPN FPI composite
PRESEASON,I33,SF,PASTE VALUE,(blank),15.2305,SrcB public avg — equal-weight VSiN p29 / ESPN FPI composite
PRESEASON,I34,TB,PASTE VALUE,(blank),11.5175,SrcB public avg — equal-weight VSiN p29 / ESPN FPI composite
PRESEASON,I35,TEN,PASTE VALUE,(blank),8.242,SrcB public avg — equal-weight VSiN p29 / ESPN FPI composite
PRESEASON,I36,WAS,PASTE VALUE,(blank),10.8,SrcB public avg — equal-weight VSiN p29 / ESPN FPI composite
PRESEASON,K5,ARI,PASTE TEXT,(blank),"Equal-weight composite: Steve Makinen power ratings, 2026 VSiN NFL Betting Guide 2.0 p29 (…",SrcB source citation
PRESEASON,K6,ATL,PASTE TEXT,(blank),"Equal-weight composite: Steve Makinen power ratings, 2026 VSiN NFL Betting Guide 2.0 p29 (…",SrcB source citation
PRESEASON,K7,BAL,PASTE TEXT,(blank),"Equal-weight composite: Steve Makinen power ratings, 2026 VSiN NFL Betting Guide 2.0 p29 (…",SrcB source citation
PRESEASON,K8,BUF,PASTE TEXT,(blank),"Equal-weight composite: Steve Makinen power ratings, 2026 VSiN NFL Betting Guide 2.0 p29 (…",SrcB source citation
PRESEASON,K9,CAR,PASTE TEXT,(blank),"Equal-weight composite: Steve Makinen power ratings, 2026 VSiN NFL Betting Guide 2.0 p29 (…",SrcB source citation
PRESEASON,K10,CHI,PASTE TEXT,(blank),"Equal-weight composite: Steve Makinen power ratings, 2026 VSiN NFL Betting Guide 2.0 p29 (…",SrcB source citation
PRESEASON,K11,CIN,PASTE TEXT,(blank),"Equal-weight composite: Steve Makinen power ratings, 2026 VSiN NFL Betting Guide 2.0 p29 (…",SrcB source citation
PRESEASON,K12,CLE,PASTE TEXT,(blank),"Equal-weight composite: Steve Makinen power ratings, 2026 VSiN NFL Betting Guide 2.0 p29 (…",SrcB source citation
PRESEASON,K13,DAL,PASTE TEXT,(blank),"Equal-weight composite: Steve Makinen power ratings, 2026 VSiN NFL Betting Guide 2.0 p29 (…",SrcB source citation
PRESEASON,K14,DEN,PASTE TEXT,(blank),"Equal-weight composite: Steve Makinen power ratings, 2026 VSiN NFL Betting Guide 2.0 p29 (…",SrcB source citation
PRESEASON,K15,DET,PASTE TEXT,(blank),"Equal-weight composite: Steve Makinen power ratings, 2026 VSiN NFL Betting Guide 2.0 p29 (…",SrcB source citation
PRESEASON,K16,GB,PASTE TEXT,(blank),"Equal-weight composite: Steve Makinen power ratings, 2026 VSiN NFL Betting Guide 2.0 p29 (…",SrcB source citation
PRESEASON,K17,HOU,PASTE TEXT,(blank),"Equal-weight composite: Steve Makinen power ratings, 2026 VSiN NFL Betting Guide 2.0 p29 (…",SrcB source citation
PRESEASON,K18,IND,PASTE TEXT,(blank),"Equal-weight composite: Steve Makinen power ratings, 2026 VSiN NFL Betting Guide 2.0 p29 (…",SrcB source citation
PRESEASON,K19,JAX,PASTE TEXT,(blank),"Equal-weight composite: Steve Makinen power ratings, 2026 VSiN NFL Betting Guide 2.0 p29 (…",SrcB source citation
PRESEASON,K20,KC,PASTE TEXT,(blank),"Equal-weight composite: Steve Makinen power ratings, 2026 VSiN NFL Betting Guide 2.0 p29 (…",SrcB source citation
PRESEASON,K21,LA,PASTE TEXT,(blank),"Equal-weight composite: Steve Makinen power ratings, 2026 VSiN NFL Betting Guide 2.0 p29 (…",SrcB source citation
PRESEASON,K22,LAC,PASTE TEXT,(blank),"Equal-weight composite: Steve Makinen power ratings, 2026 VSiN NFL Betting Guide 2.0 p29 (…",SrcB source citation
PRESEASON,K23,LV,PASTE TEXT,(blank),"Equal-weight composite: Steve Makinen power ratings, 2026 VSiN NFL Betting Guide 2.0 p29 (…",SrcB source citation
PRESEASON,K24,MIA,PASTE TEXT,(blank),"Equal-weight composite: Steve Makinen power ratings, 2026 VSiN NFL Betting Guide 2.0 p29 (…",SrcB source citation
PRESEASON,K25,MIN,PASTE TEXT,(blank),"Equal-weight composite: Steve Makinen power ratings, 2026 VSiN NFL Betting Guide 2.0 p29 (…",SrcB source citation
PRESEASON,K26,NE,PASTE TEXT,(blank),"Equal-weight composite: Steve Makinen power ratings, 2026 VSiN NFL Betting Guide 2.0 p29 (…",SrcB source citation
PRESEASON,K27,NO,PASTE TEXT,(blank),"Equal-weight composite: Steve Makinen power ratings, 2026 VSiN NFL Betting Guide 2.0 p29 (…",SrcB source citation
PRESEASON,K28,NYG,PASTE TEXT,(blank),"Equal-weight composite: Steve Makinen power ratings, 2026 VSiN NFL Betting Guide 2.0 p29 (…",SrcB source citation
PRESEASON,K29,NYJ,PASTE TEXT,(blank),"Equal-weight composite: Steve Makinen power ratings, 2026 VSiN NFL Betting Guide 2.0 p29 (…",SrcB source citation
PRESEASON,K30,PHI,PASTE TEXT,(blank),"Equal-weight composite: Steve Makinen power ratings, 2026 VSiN NFL Betting Guide 2.0 p29 (…",SrcB source citation
PRESEASON,K31,PIT,PASTE TEXT,(blank),"Equal-weight composite: Steve Makinen power ratings, 2026 VSiN NFL Betting Guide 2.0 p29 (…",SrcB source citation
PRESEASON,K32,SEA,PASTE TEXT,(blank),"Equal-weight composite: Steve Makinen power ratings, 2026 VSiN NFL Betting Guide 2.0 p29 (…",SrcB source citation
PRESEASON,K33,SF,PASTE TEXT,(blank),"Equal-weight composite: Steve Makinen power ratings, 2026 VSiN NFL Betting Guide 2.0 p29 (…",SrcB source citation
PRESEASON,K34,TB,PASTE TEXT,(blank),"Equal-weight composite: Steve Makinen power ratings, 2026 VSiN NFL Betting Guide 2.0 p29 (…",SrcB source citation
PRESEASON,K35,TEN,PASTE TEXT,(blank),"Equal-weight composite: Steve Makinen power ratings, 2026 VSiN NFL Betting Guide 2.0 p29 (…",SrcB source citation
PRESEASON,K36,WAS,PASTE TEXT,(blank),"Equal-weight composite: Steve Makinen power ratings, 2026 VSiN NFL Betting Guide 2.0 p29 (…",SrcB source citation
PRESEASON,L5,ARI,PASTE TEXT,(blank),2026-09-01,SrcB as-of date
PRESEASON,L6,ATL,PASTE TEXT,(blank),2026-09-01,SrcB as-of date
PRESEASON,L7,BAL,PASTE TEXT,(blank),2026-09-01,SrcB as-of date
PRESEASON,L8,BUF,PASTE TEXT,(blank),2026-09-01,SrcB as-of date
PRESEASON,L9,CAR,PASTE TEXT,(blank),2026-09-01,SrcB as-of date
PRESEASON,L10,CHI,PASTE TEXT,(blank),2026-09-01,SrcB as-of date
PRESEASON,L11,CIN,PASTE TEXT,(blank),2026-09-01,SrcB as-of date
PRESEASON,L12,CLE,PASTE TEXT,(blank),2026-09-01,SrcB as-of date
PRESEASON,L13,DAL,PASTE TEXT,(blank),2026-09-01,SrcB as-of date
PRESEASON,L14,DEN,PASTE TEXT,(blank),2026-09-01,SrcB as-of date
PRESEASON,L15,DET,PASTE TEXT,(blank),2026-09-01,SrcB as-of date
PRESEASON,L16,GB,PASTE TEXT,(blank),2026-09-01,SrcB as-of date
PRESEASON,L17,HOU,PASTE TEXT,(blank),2026-09-01,SrcB as-of date
PRESEASON,L18,IND,PASTE TEXT,(blank),2026-09-01,SrcB as-of date
PRESEASON,L19,JAX,PASTE TEXT,(blank),2026-09-01,SrcB as-of date
PRESEASON,L20,KC,PASTE TEXT,(blank),2026-09-01,SrcB as-of date
PRESEASON,L21,LA,PASTE TEXT,(blank),2026-09-01,SrcB as-of date
PRESEASON,L22,LAC,PASTE TEXT,(blank),2026-09-01,SrcB as-of date
PRESEASON,L23,LV,PASTE TEXT,(blank),2026-09-01,SrcB as-of date
PRESEASON,L24,MIA,PASTE TEXT,(blank),2026-09-01,SrcB as-of date
PRESEASON,L25,MIN,PASTE TEXT,(blank),2026-09-01,SrcB as-of date
PRESEASON,L26,NE,PASTE TEXT,(blank),2026-09-01,SrcB as-of date
PRESEASON,L27,NO,PASTE TEXT,(blank),2026-09-01,SrcB as-of date
PRESEASON,L28,NYG,PASTE TEXT,(blank),2026-09-01,SrcB as-of date
PRESEASON,L29,NYJ,PASTE TEXT,(blank),2026-09-01,SrcB as-of date
PRESEASON,L30,PHI,PASTE TEXT,(blank),2026-09-01,SrcB as-of date
PRESEASON,L31,PIT,PASTE TEXT,(blank),2026-09-01,SrcB as-of date
PRESEASON,L32,SEA,PASTE TEXT,(blank),2026-09-01,SrcB as-of date
PRESEASON,L33,SF,PASTE TEXT,(blank),2026-09-01,SrcB as-of date
PRESEASON,L34,TB,PASTE TEXT,(blank),2026-09-01,SrcB as-of date
PRESEASON,L35,TEN,PASTE TEXT,(blank),2026-09-01,SrcB as-of date
PRESEASON,L36,WAS,PASTE TEXT,(blank),2026-09-01,SrcB as-of date
TEAM RATINGS,D5,ARI,FORMULA,"=IFERROR(ROUND(INDEX(CalcGoverned,MATCH($A5,CalcTeams,0)),2),"""")","=IFERROR(IF(ISNUMBER(INDEX(CalcGoverned,MATCH($A5,CalcTeams,0))),ROUND(INDEX(CalcGoverned,MATCH($A5,CalcTeams,0)),2),""""),"""")",ISNUMBER lookup protection (blank stays blank)
TEAM RATINGS,D6,ATL,FORMULA,"=IFERROR(ROUND(INDEX(CalcGoverned,MATCH($A6,CalcTeams,0)),2),"""")","=IFERROR(IF(ISNUMBER(INDEX(CalcGoverned,MATCH($A6,CalcTeams,0))),ROUND(INDEX(CalcGoverned,MATCH($A6,CalcTeams,0)),2),""""),"""")",ISNUMBER lookup protection (blank stays blank)
TEAM RATINGS,D7,BAL,FORMULA,"=IFERROR(ROUND(INDEX(CalcGoverned,MATCH($A7,CalcTeams,0)),2),"""")","=IFERROR(IF(ISNUMBER(INDEX(CalcGoverned,MATCH($A7,CalcTeams,0))),ROUND(INDEX(CalcGoverned,MATCH($A7,CalcTeams,0)),2),""""),"""")",ISNUMBER lookup protection (blank stays blank)
TEAM RATINGS,D8,BUF,FORMULA,"=IFERROR(ROUND(INDEX(CalcGoverned,MATCH($A8,CalcTeams,0)),2),"""")","=IFERROR(IF(ISNUMBER(INDEX(CalcGoverned,MATCH($A8,CalcTeams,0))),ROUND(INDEX(CalcGoverned,MATCH($A8,CalcTeams,0)),2),""""),"""")",ISNUMBER lookup protection (blank stays blank)
TEAM RATINGS,D9,CAR,FORMULA,"=IFERROR(ROUND(INDEX(CalcGoverned,MATCH($A9,CalcTeams,0)),2),"""")","=IFERROR(IF(ISNUMBER(INDEX(CalcGoverned,MATCH($A9,CalcTeams,0))),ROUND(INDEX(CalcGoverned,MATCH($A9,CalcTeams,0)),2),""""),"""")",ISNUMBER lookup protection (blank stays blank)
TEAM RATINGS,D10,CHI,FORMULA,"=IFERROR(ROUND(INDEX(CalcGoverned,MATCH($A10,CalcTeams,0)),2),"""")","=IFERROR(IF(ISNUMBER(INDEX(CalcGoverned,MATCH($A10,CalcTeams,0))),ROUND(INDEX(CalcGoverned,MATCH($A10,CalcTeams,0)),2),""""),"""")",ISNUMBER lookup protection (blank stays blank)
TEAM RATINGS,D11,CIN,FORMULA,"=IFERROR(ROUND(INDEX(CalcGoverned,MATCH($A11,CalcTeams,0)),2),"""")","=IFERROR(IF(ISNUMBER(INDEX(CalcGoverned,MATCH($A11,CalcTeams,0))),ROUND(INDEX(CalcGoverned,MATCH($A11,CalcTeams,0)),2),""""),"""")",ISNUMBER lookup protection (blank stays blank)
TEAM RATINGS,D12,CLE,FORMULA,"=IFERROR(ROUND(INDEX(CalcGoverned,MATCH($A12,CalcTeams,0)),2),"""")","=IFERROR(IF(ISNUMBER(INDEX(CalcGoverned,MATCH($A12,CalcTeams,0))),ROUND(INDEX(CalcGoverned,MATCH($A12,CalcTeams,0)),2),""""),"""")",ISNUMBER lookup protection (blank stays blank)
TEAM RATINGS,D13,DAL,FORMULA,"=IFERROR(ROUND(INDEX(CalcGoverned,MATCH($A13,CalcTeams,0)),2),"""")","=IFERROR(IF(ISNUMBER(INDEX(CalcGoverned,MATCH($A13,CalcTeams,0))),ROUND(INDEX(CalcGoverned,MATCH($A13,CalcTeams,0)),2),""""),"""")",ISNUMBER lookup protection (blank stays blank)
TEAM RATINGS,D14,DEN,FORMULA,"=IFERROR(ROUND(INDEX(CalcGoverned,MATCH($A14,CalcTeams,0)),2),"""")","=IFERROR(IF(ISNUMBER(INDEX(CalcGoverned,MATCH($A14,CalcTeams,0))),ROUND(INDEX(CalcGoverned,MATCH($A14,CalcTeams,0)),2),""""),"""")",ISNUMBER lookup protection (blank stays blank)
TEAM RATINGS,D15,DET,FORMULA,"=IFERROR(ROUND(INDEX(CalcGoverned,MATCH($A15,CalcTeams,0)),2),"""")","=IFERROR(IF(ISNUMBER(INDEX(CalcGoverned,MATCH($A15,CalcTeams,0))),ROUND(INDEX(CalcGoverned,MATCH($A15,CalcTeams,0)),2),""""),"""")",ISNUMBER lookup protection (blank stays blank)
TEAM RATINGS,D16,GB,FORMULA,"=IFERROR(ROUND(INDEX(CalcGoverned,MATCH($A16,CalcTeams,0)),2),"""")","=IFERROR(IF(ISNUMBER(INDEX(CalcGoverned,MATCH($A16,CalcTeams,0))),ROUND(INDEX(CalcGoverned,MATCH($A16,CalcTeams,0)),2),""""),"""")",ISNUMBER lookup protection (blank stays blank)
TEAM RATINGS,D17,HOU,FORMULA,"=IFERROR(ROUND(INDEX(CalcGoverned,MATCH($A17,CalcTeams,0)),2),"""")","=IFERROR(IF(ISNUMBER(INDEX(CalcGoverned,MATCH($A17,CalcTeams,0))),ROUND(INDEX(CalcGoverned,MATCH($A17,CalcTeams,0)),2),""""),"""")",ISNUMBER lookup protection (blank stays blank)
TEAM RATINGS,D18,IND,FORMULA,"=IFERROR(ROUND(INDEX(CalcGoverned,MATCH($A18,CalcTeams,0)),2),"""")","=IFERROR(IF(ISNUMBER(INDEX(CalcGoverned,MATCH($A18,CalcTeams,0))),ROUND(INDEX(CalcGoverned,MATCH($A18,CalcTeams,0)),2),""""),"""")",ISNUMBER lookup protection (blank stays blank)
TEAM RATINGS,D19,JAX,FORMULA,"=IFERROR(ROUND(INDEX(CalcGoverned,MATCH($A19,CalcTeams,0)),2),"""")","=IFERROR(IF(ISNUMBER(INDEX(CalcGoverned,MATCH($A19,CalcTeams,0))),ROUND(INDEX(CalcGoverned,MATCH($A19,CalcTeams,0)),2),""""),"""")",ISNUMBER lookup protection (blank stays blank)
TEAM RATINGS,D20,KC,FORMULA,"=IFERROR(ROUND(INDEX(CalcGoverned,MATCH($A20,CalcTeams,0)),2),"""")","=IFERROR(IF(ISNUMBER(INDEX(CalcGoverned,MATCH($A20,CalcTeams,0))),ROUND(INDEX(CalcGoverned,MATCH($A20,CalcTeams,0)),2),""""),"""")",ISNUMBER lookup protection (blank stays blank)
TEAM RATINGS,D21,LA,FORMULA,"=IFERROR(ROUND(INDEX(CalcGoverned,MATCH($A21,CalcTeams,0)),2),"""")","=IFERROR(IF(ISNUMBER(INDEX(CalcGoverned,MATCH($A21,CalcTeams,0))),ROUND(INDEX(CalcGoverned,MATCH($A21,CalcTeams,0)),2),""""),"""")",ISNUMBER lookup protection (blank stays blank)
TEAM RATINGS,D22,LAC,FORMULA,"=IFERROR(ROUND(INDEX(CalcGoverned,MATCH($A22,CalcTeams,0)),2),"""")","=IFERROR(IF(ISNUMBER(INDEX(CalcGoverned,MATCH($A22,CalcTeams,0))),ROUND(INDEX(CalcGoverned,MATCH($A22,CalcTeams,0)),2),""""),"""")",ISNUMBER lookup protection (blank stays blank)
TEAM RATINGS,D23,LV,FORMULA,"=IFERROR(ROUND(INDEX(CalcGoverned,MATCH($A23,CalcTeams,0)),2),"""")","=IFERROR(IF(ISNUMBER(INDEX(CalcGoverned,MATCH($A23,CalcTeams,0))),ROUND(INDEX(CalcGoverned,MATCH($A23,CalcTeams,0)),2),""""),"""")",ISNUMBER lookup protection (blank stays blank)
TEAM RATINGS,D24,MIA,FORMULA,"=IFERROR(ROUND(INDEX(CalcGoverned,MATCH($A24,CalcTeams,0)),2),"""")","=IFERROR(IF(ISNUMBER(INDEX(CalcGoverned,MATCH($A24,CalcTeams,0))),ROUND(INDEX(CalcGoverned,MATCH($A24,CalcTeams,0)),2),""""),"""")",ISNUMBER lookup protection (blank stays blank)
TEAM RATINGS,D25,MIN,FORMULA,"=IFERROR(ROUND(INDEX(CalcGoverned,MATCH($A25,CalcTeams,0)),2),"""")","=IFERROR(IF(ISNUMBER(INDEX(CalcGoverned,MATCH($A25,CalcTeams,0))),ROUND(INDEX(CalcGoverned,MATCH($A25,CalcTeams,0)),2),""""),"""")",ISNUMBER lookup protection (blank stays blank)
TEAM RATINGS,D26,NE,FORMULA,"=IFERROR(ROUND(INDEX(CalcGoverned,MATCH($A26,CalcTeams,0)),2),"""")","=IFERROR(IF(ISNUMBER(INDEX(CalcGoverned,MATCH($A26,CalcTeams,0))),ROUND(INDEX(CalcGoverned,MATCH($A26,CalcTeams,0)),2),""""),"""")",ISNUMBER lookup protection (blank stays blank)
TEAM RATINGS,D27,NO,FORMULA,"=IFERROR(ROUND(INDEX(CalcGoverned,MATCH($A27,CalcTeams,0)),2),"""")","=IFERROR(IF(ISNUMBER(INDEX(CalcGoverned,MATCH($A27,CalcTeams,0))),ROUND(INDEX(CalcGoverned,MATCH($A27,CalcTeams,0)),2),""""),"""")",ISNUMBER lookup protection (blank stays blank)
TEAM RATINGS,D28,NYG,FORMULA,"=IFERROR(ROUND(INDEX(CalcGoverned,MATCH($A28,CalcTeams,0)),2),"""")","=IFERROR(IF(ISNUMBER(INDEX(CalcGoverned,MATCH($A28,CalcTeams,0))),ROUND(INDEX(CalcGoverned,MATCH($A28,CalcTeams,0)),2),""""),"""")",ISNUMBER lookup protection (blank stays blank)
TEAM RATINGS,D29,NYJ,FORMULA,"=IFERROR(ROUND(INDEX(CalcGoverned,MATCH($A29,CalcTeams,0)),2),"""")","=IFERROR(IF(ISNUMBER(INDEX(CalcGoverned,MATCH($A29,CalcTeams,0))),ROUND(INDEX(CalcGoverned,MATCH($A29,CalcTeams,0)),2),""""),"""")",ISNUMBER lookup protection (blank stays blank)
TEAM RATINGS,D30,PHI,FORMULA,"=IFERROR(ROUND(INDEX(CalcGoverned,MATCH($A30,CalcTeams,0)),2),"""")","=IFERROR(IF(ISNUMBER(INDEX(CalcGoverned,MATCH($A30,CalcTeams,0))),ROUND(INDEX(CalcGoverned,MATCH($A30,CalcTeams,0)),2),""""),"""")",ISNUMBER lookup protection (blank stays blank)
TEAM RATINGS,D31,PIT,FORMULA,"=IFERROR(ROUND(INDEX(CalcGoverned,MATCH($A31,CalcTeams,0)),2),"""")","=IFERROR(IF(ISNUMBER(INDEX(CalcGoverned,MATCH($A31,CalcTeams,0))),ROUND(INDEX(CalcGoverned,MATCH($A31,CalcTeams,0)),2),""""),"""")",ISNUMBER lookup protection (blank stays blank)
TEAM RATINGS,D32,SEA,FORMULA,"=IFERROR(ROUND(INDEX(CalcGoverned,MATCH($A32,CalcTeams,0)),2),"""")","=IFERROR(IF(ISNUMBER(INDEX(CalcGoverned,MATCH($A32,CalcTeams,0))),ROUND(INDEX(CalcGoverned,MATCH($A32,CalcTeams,0)),2),""""),"""")",ISNUMBER lookup protection (blank stays blank)
TEAM RATINGS,D33,SF,FORMULA,"=IFERROR(ROUND(INDEX(CalcGoverned,MATCH($A33,CalcTeams,0)),2),"""")","=IFERROR(IF(ISNUMBER(INDEX(CalcGoverned,MATCH($A33,CalcTeams,0))),ROUND(INDEX(CalcGoverned,MATCH($A33,CalcTeams,0)),2),""""),"""")",ISNUMBER lookup protection (blank stays blank)
TEAM RATINGS,D34,TB,FORMULA,"=IFERROR(ROUND(INDEX(CalcGoverned,MATCH($A34,CalcTeams,0)),2),"""")","=IFERROR(IF(ISNUMBER(INDEX(CalcGoverned,MATCH($A34,CalcTeams,0))),ROUND(INDEX(CalcGoverned,MATCH($A34,CalcTeams,0)),2),""""),"""")",ISNUMBER lookup protection (blank stays blank)
TEAM RATINGS,D35,TEN,FORMULA,"=IFERROR(ROUND(INDEX(CalcGoverned,MATCH($A35,CalcTeams,0)),2),"""")","=IFERROR(IF(ISNUMBER(INDEX(CalcGoverned,MATCH($A35,CalcTeams,0))),ROUND(INDEX(CalcGoverned,MATCH($A35,CalcTeams,0)),2),""""),"""")",ISNUMBER lookup protection (blank stays blank)
TEAM RATINGS,D36,WAS,FORMULA,"=IFERROR(ROUND(INDEX(CalcGoverned,MATCH($A36,CalcTeams,0)),2),"""")","=IFERROR(IF(ISNUMBER(INDEX(CalcGoverned,MATCH($A36,CalcTeams,0))),ROUND(INDEX(CalcGoverned,MATCH($A36,CalcTeams,0)),2),""""),"""")",ISNUMBER lookup protection (blank stays blank)
START HERE,A1,,TEXT,TO THE WINDOW — NFL POWER RATINGS 2026 (v1.1),TO THE WINDOW — NFL POWER RATINGS 2026 (v1.4),Version banner v1.1 -> v1.4
CHANGELOG,A7,,TEXT,(blank),1.4,New v1.4 entry — Version
CHANGELOG,B7,,TEXT,(blank),2026-09-01,New v1.4 entry — Date
CHANGELOG,C7,,TEXT,(blank),Preseason prior sources completed and the Week-1 blend coercion fixed. (1) PRESEASON Sourc…,New v1.4 entry — Change
CHANGELOG,D7,,TEXT,(blank),No retune and no backtest change: the 2025 walk-forward metrics are unaffected because Sou…,New v1.4 entry — Backtest impact
PRESEASON,J5,ARI,RECALCULATED — DO NOT TYPE,(blank),-5.96,SrcB centered
PRESEASON,S5,ARI,RECALCULATED — DO NOT TYPE,-2.59,-4.16,Effective prior
PRESEASON,T5,ARI,RECALCULATED — DO NOT TYPE,1,2,Sources used
PRESEASON,J6,ATL,RECALCULATED — DO NOT TYPE,(blank),-2.17,SrcB centered
PRESEASON,S6,ATL,RECALCULATED — DO NOT TYPE,-0.08,-1.06,Effective prior
PRESEASON,T6,ATL,RECALCULATED — DO NOT TYPE,1,2,Sources used
PRESEASON,J7,BAL,RECALCULATED — DO NOT TYPE,(blank),3.95,SrcB centered
PRESEASON,S7,BAL,RECALCULATED — DO NOT TYPE,1.15,2.46,Effective prior
PRESEASON,T7,BAL,RECALCULATED — DO NOT TYPE,1,2,Sources used
PRESEASON,J8,BUF,RECALCULATED — DO NOT TYPE,(blank),4.28,SrcB centered
PRESEASON,S8,BUF,RECALCULATED — DO NOT TYPE,2.19,3.17,Effective prior
PRESEASON,T8,BUF,RECALCULATED — DO NOT TYPE,1,2,Sources used
PRESEASON,J9,CAR,RECALCULATED — DO NOT TYPE,(blank),-2.47,SrcB centered
PRESEASON,S9,CAR,RECALCULATED — DO NOT TYPE,-1.62,-2.02,Effective prior
PRESEASON,T9,CAR,RECALCULATED — DO NOT TYPE,1,2,Sources used
PRESEASON,J10,CHI,RECALCULATED — DO NOT TYPE,(blank),1.53,SrcB centered
PRESEASON,S10,CHI,RECALCULATED — DO NOT TYPE,1.07,1.28,Effective prior
PRESEASON,T10,CHI,RECALCULATED — DO NOT TYPE,1,2,Sources used
PRESEASON,J11,CIN,RECALCULATED — DO NOT TYPE,(blank),0.9,SrcB centered
PRESEASON,S11,CIN,RECALCULATED — DO NOT TYPE,-1.91,-0.6,Effective prior
PRESEASON,T11,CIN,RECALCULATED — DO NOT TYPE,1,2,Sources used
PRESEASON,J12,CLE,RECALCULATED — DO NOT TYPE,(blank),-4.43,SrcB centered
PRESEASON,S12,CLE,RECALCULATED — DO NOT TYPE,-3.25,-3.8,Effective prior
PRESEASON,T12,CLE,RECALCULATED — DO NOT TYPE,1,2,Sources used
PRESEASON,J13,DAL,RECALCULATED — DO NOT TYPE,(blank),0.92,SrcB centered
PRESEASON,S13,DAL,RECALCULATED — DO NOT TYPE,-2.82,-1.07,Effective prior
PRESEASON,T13,DAL,RECALCULATED — DO NOT TYPE,1,2,Sources used
PRESEASON,J14,DEN,RECALCULATED — DO NOT TYPE,(blank),2.21,SrcB centered
PRESEASON,S14,DEN,RECALCULATED — DO NOT TYPE,2.41,2.32,Effective prior
PRESEASON,T14,DEN,RECALCULATED — DO NOT TYPE,1,2,Sources used
PRESEASON,J15,DET,RECALCULATED — DO NOT TYPE,(blank),2.29,SrcB centered
PRESEASON,S15,DET,RECALCULATED — DO NOT TYPE,1.07,1.64,Effective prior
PRESEASON,T15,DET,RECALCULATED — DO NOT TYPE,1,2,Sources used
PRESEASON,J16,GB,RECALCULATED — DO NOT TYPE,(blank),2.59,SrcB centered
PRESEASON,S16,GB,RECALCULATED — DO NOT TYPE,0.64,1.55,Effective prior
PRESEASON,T16,GB,RECALCULATED — DO NOT TYPE,1,2,Sources used
PRESEASON,J17,HOU,RECALCULATED — DO NOT TYPE,(blank),1.06,SrcB centered
PRESEASON,S17,HOU,RECALCULATED — DO NOT TYPE,3.39,2.3,Effective prior
PRESEASON,T17,HOU,RECALCULATED — DO NOT TYPE,1,2,Sources used
PRESEASON,J18,IND,RECALCULATED — DO NOT TYPE,(blank),-0.7,SrcB centered
PRESEASON,S18,IND,RECALCULATED — DO NOT TYPE,1.02,0.22,Effective prior
PRESEASON,T18,IND,RECALCULATED — DO NOT TYPE,1,2,Sources used
PRESEASON,J19,JAX,RECALCULATED — DO NOT TYPE,(blank),0.54,SrcB centered
PRESEASON,S19,JAX,RECALCULATED — DO NOT TYPE,4.03,2.4,Effective prior
PRESEASON,T19,JAX,RECALCULATED — DO NOT TYPE,1,2,Sources used
PRESEASON,J20,KC,RECALCULATED — DO NOT TYPE,(blank),2.25,SrcB centered
PRESEASON,S20,KC,RECALCULATED — DO NOT TYPE,-0.05,1.02,Effective prior
PRESEASON,T20,KC,RECALCULATED — DO NOT TYPE,1,2,Sources used
PRESEASON,J21,LA,RECALCULATED — DO NOT TYPE,(blank),5.65,SrcB centered
PRESEASON,S21,LA,RECALCULATED — DO NOT TYPE,5.11,5.36,Effective prior
PRESEASON,T21,LA,RECALCULATED — DO NOT TYPE,1,2,Sources used
PRESEASON,J22,LAC,RECALCULATED — DO NOT TYPE,(blank),1.68,SrcB centered
PRESEASON,S22,LAC,RECALCULATED — DO NOT TYPE,0.7,1.16,Effective prior
PRESEASON,T22,LAC,RECALCULATED — DO NOT TYPE,1,2,Sources used
PRESEASON,J23,LV,RECALCULATED — DO NOT TYPE,(blank),-4.61,SrcB centered
PRESEASON,S23,LV,RECALCULATED — DO NOT TYPE,-4.4,-4.5,Effective prior
PRESEASON,T23,LV,RECALCULATED — DO NOT TYPE,1,2,Sources used
PRESEASON,J24,MIA,RECALCULATED — DO NOT TYPE,(blank),-5.84,SrcB centered
PRESEASON,S24,MIA,RECALCULATED — DO NOT TYPE,-3.3,-4.49,Effective prior
PRESEASON,T24,MIA,RECALCULATED — DO NOT TYPE,1,2,Sources used
PRESEASON,J25,MIN,RECALCULATED — DO NOT TYPE,(blank),-0.72,SrcB centered
PRESEASON,S25,MIN,RECALCULATED — DO NOT TYPE,0.62,-0.01,Effective prior
PRESEASON,T25,MIN,RECALCULATED — DO NOT TYPE,1,2,Sources used
PRESEASON,J26,NE,RECALCULATED — DO NOT TYPE,(blank),2.23,SrcB centered
PRESEASON,S26,NE,RECALCULATED — DO NOT TYPE,2.61,2.43,Effective prior
PRESEASON,T26,NE,RECALCULATED — DO NOT TYPE,1,2,Sources used
PRESEASON,J27,NO,RECALCULATED — DO NOT TYPE,(blank),-2.18,SrcB centered
PRESEASON,S27,NO,RECALCULATED — DO NOT TYPE,-1.17,-1.64,Effective prior
PRESEASON,T27,NO,RECALCULATED — DO NOT TYPE,1,2,Sources used
PRESEASON,J28,NYG,RECALCULATED — DO NOT TYPE,(blank),-1.79,SrcB centered
PRESEASON,S28,NYG,RECALCULATED — DO NOT TYPE,-1.99,-1.9,Effective prior
PRESEASON,T28,NYG,RECALCULATED — DO NOT TYPE,1,2,Sources used
PRESEASON,J29,NYJ,RECALCULATED — DO NOT TYPE,(blank),-5.12,SrcB centered
PRESEASON,S29,NYJ,RECALCULATED — DO NOT TYPE,-5.84,-5.5,Effective prior
PRESEASON,T29,NYJ,RECALCULATED — DO NOT TYPE,1,2,Sources used
PRESEASON,J30,PHI,RECALCULATED — DO NOT TYPE,(blank),2.52,SrcB centered
PRESEASON,S30,PHI,RECALCULATED — DO NOT TYPE,1.87,2.17,Effective prior
PRESEASON,T30,PHI,RECALCULATED — DO NOT TYPE,1,2,Sources used
PRESEASON,J31,PIT,RECALCULATED — DO NOT TYPE,(blank),-0.8,SrcB centered
PRESEASON,S31,PIT,RECALCULATED — DO NOT TYPE,0.82,0.06,Effective prior
PRESEASON,T31,PIT,RECALCULATED — DO NOT TYPE,1,2,Sources used
PRESEASON,J32,SEA,RECALCULATED — DO NOT TYPE,(blank),4.5,SrcB centered
PRESEASON,S32,SEA,RECALCULATED — DO NOT TYPE,5.13,4.84,Effective prior
PRESEASON,T32,SEA,RECALCULATED — DO NOT TYPE,1,2,Sources used
PRESEASON,J33,SF,RECALCULATED — DO NOT TYPE,(blank),3.21,SrcB centered
PRESEASON,S33,SF,RECALCULATED — DO NOT TYPE,2.22,2.68,Effective prior
PRESEASON,T33,SF,RECALCULATED — DO NOT TYPE,1,2,Sources used
PRESEASON,J34,TB,RECALCULATED — DO NOT TYPE,(blank),-0.5,SrcB centered
PRESEASON,S34,TB,RECALCULATED — DO NOT TYPE,-0.6,-0.55,Effective prior
PRESEASON,T34,TB,RECALCULATED — DO NOT TYPE,1,2,Sources used
PRESEASON,J35,TEN,RECALCULATED — DO NOT TYPE,(blank),-3.78,SrcB centered
PRESEASON,S35,TEN,RECALCULATED — DO NOT TYPE,-3.93,-3.86,Effective prior
PRESEASON,T35,TEN,RECALCULATED — DO NOT TYPE,1,2,Sources used
PRESEASON,J36,WAS,RECALCULATED — DO NOT TYPE,(blank),-1.22,SrcB centered
PRESEASON,S36,WAS,RECALCULATED — DO NOT TYPE,-2.53,-1.92,Effective prior
PRESEASON,T36,WAS,RECALCULATED — DO NOT TYPE,1,2,Sources used
TEAM RATINGS,F5,ARI,RECALCULATED — DO NOT TYPE,-2.59,-4.16,Preseason prior
TEAM RATINGS,H5,ARI,RECALCULATED — DO NOT TYPE,-2.07,-4.16,Blended base
TEAM RATINGS,J5,ARI,RECALCULATED — DO NOT TYPE,-2.07,-4.16,EFFECTIVE RATING
TEAM RATINGS,K5,ARI,RECALCULATED — DO NOT TYPE,26,29,Rank
TEAM RATINGS,F6,ATL,RECALCULATED — DO NOT TYPE,-0.08,-1.06,Preseason prior
TEAM RATINGS,H6,ATL,RECALCULATED — DO NOT TYPE,-0.06,-1.06,Blended base
TEAM RATINGS,J6,ATL,RECALCULATED — DO NOT TYPE,-0.06,-1.06,EFFECTIVE RATING
TEAM RATINGS,K6,ATL,RECALCULATED — DO NOT TYPE,19,21,Rank
TEAM RATINGS,F7,BAL,RECALCULATED — DO NOT TYPE,1.15,2.46,Preseason prior
TEAM RATINGS,H7,BAL,RECALCULATED — DO NOT TYPE,0.92,2.46,Blended base
TEAM RATINGS,J7,BAL,RECALCULATED — DO NOT TYPE,0.92,2.46,EFFECTIVE RATING
TEAM RATINGS,K7,BAL,RECALCULATED — DO NOT TYPE,10,5,Rank
TEAM RATINGS,F8,BUF,RECALCULATED — DO NOT TYPE,2.19,3.17,Preseason prior
TEAM RATINGS,H8,BUF,RECALCULATED — DO NOT TYPE,1.75,3.17,Blended base
TEAM RATINGS,J8,BUF,RECALCULATED — DO NOT TYPE,1.75,3.17,EFFECTIVE RATING
TEAM RATINGS,K8,BUF,RECALCULATED — DO NOT TYPE,8,3,Rank
TEAM RATINGS,F9,CAR,RECALCULATED — DO NOT TYPE,-1.62,-2.02,Preseason prior
TEAM RATINGS,H9,CAR,RECALCULATED — DO NOT TYPE,-1.3,-2.02,Blended base
TEAM RATINGS,J9,CAR,RECALCULATED — DO NOT TYPE,-1.3,-2.02,EFFECTIVE RATING
TEAM RATINGS,K9,CAR,RECALCULATED — DO NOT TYPE,22,26,Rank
TEAM RATINGS,F10,CHI,RECALCULATED — DO NOT TYPE,1.07,1.28,Preseason prior
TEAM RATINGS,H10,CHI,RECALCULATED — DO NOT TYPE,0.86,1.28,Blended base
TEAM RATINGS,J10,CHI,RECALCULATED — DO NOT TYPE,0.86,1.28,EFFECTIVE RATING
TEAM RATINGS,K10,CHI,RECALCULATED — DO NOT TYPE,11,13,Rank
TEAM RATINGS,F11,CIN,RECALCULATED — DO NOT TYPE,-1.91,-0.6,Preseason prior
TEAM RATINGS,H11,CIN,RECALCULATED — DO NOT TYPE,-1.53,-0.6,Blended base
TEAM RATINGS,J11,CIN,RECALCULATED — DO NOT TYPE,-1.53,-0.6,EFFECTIVE RATING
TEAM RATINGS,K11,CIN,RECALCULATED — DO NOT TYPE,23,20,Rank
TEAM RATINGS,F12,CLE,RECALCULATED — DO NOT TYPE,-3.25,-3.8,Preseason prior
TEAM RATINGS,H12,CLE,RECALCULATED — DO NOT TYPE,-2.6,-3.8,Blended base
TEAM RATINGS,J12,CLE,RECALCULATED — DO NOT TYPE,-2.6,-3.8,EFFECTIVE RATING
TEAM RATINGS,K12,CLE,RECALCULATED — DO NOT TYPE,28,27,Rank
TEAM RATINGS,F13,DAL,RECALCULATED — DO NOT TYPE,-2.82,-1.07,Preseason prior
TEAM RATINGS,H13,DAL,RECALCULATED — DO NOT TYPE,-2.26,-1.07,Blended base
TEAM RATINGS,J13,DAL,RECALCULATED — DO NOT TYPE,-2.26,-1.07,EFFECTIVE RATING
TEAM RATINGS,K13,DAL,RECALCULATED — DO NOT TYPE,27,22,Rank
TEAM RATINGS,F14,DEN,RECALCULATED — DO NOT TYPE,2.41,2.32,Preseason prior
TEAM RATINGS,H14,DEN,RECALCULATED — DO NOT TYPE,1.93,2.32,Blended base
TEAM RATINGS,J14,DEN,RECALCULATED — DO NOT TYPE,1.93,2.32,EFFECTIVE RATING
TEAM RATINGS,K14,DEN,RECALCULATED — DO NOT TYPE,6,8,Rank
TEAM RATINGS,F15,DET,RECALCULATED — DO NOT TYPE,1.07,1.64,Preseason prior
TEAM RATINGS,H15,DET,RECALCULATED — DO NOT TYPE,0.86,1.64,Blended base
TEAM RATINGS,J15,DET,RECALCULATED — DO NOT TYPE,0.86,1.64,EFFECTIVE RATING
TEAM RATINGS,K15,DET,RECALCULATED — DO NOT TYPE,11,11,Rank
TEAM RATINGS,F16,GB,RECALCULATED — DO NOT TYPE,0.64,1.55,Preseason prior
TEAM RATINGS,H16,GB,RECALCULATED — DO NOT TYPE,0.51,1.55,Blended base
TEAM RATINGS,J16,GB,RECALCULATED — DO NOT TYPE,0.51,1.55,EFFECTIVE RATING
TEAM RATINGS,K16,GB,RECALCULATED — DO NOT TYPE,16,12,Rank
TEAM RATINGS,F17,HOU,RECALCULATED — DO NOT TYPE,3.39,2.3,Preseason prior
TEAM RATINGS,H17,HOU,RECALCULATED — DO NOT TYPE,2.71,2.3,Blended base
TEAM RATINGS,J17,HOU,RECALCULATED — DO NOT TYPE,2.71,2.3,EFFECTIVE RATING
TEAM RATINGS,K17,HOU,RECALCULATED — DO NOT TYPE,4,9,Rank
TEAM RATINGS,F18,IND,RECALCULATED — DO NOT TYPE,1.02,0.22,Preseason prior
TEAM RATINGS,H18,IND,RECALCULATED — DO NOT TYPE,0.82,0.22,Blended base
TEAM RATINGS,J18,IND,RECALCULATED — DO NOT TYPE,0.82,0.22,EFFECTIVE RATING
TEAM RATINGS,K18,IND,RECALCULATED — DO NOT TYPE,13,16,Rank
TEAM RATINGS,F19,JAX,RECALCULATED — DO NOT TYPE,4.03,2.4,Preseason prior
TEAM RATINGS,H19,JAX,RECALCULATED — DO NOT TYPE,3.22,2.4,Blended base
TEAM RATINGS,J19,JAX,RECALCULATED — DO NOT TYPE,3.22,2.4,EFFECTIVE RATING
TEAM RATINGS,K19,JAX,RECALCULATED — DO NOT TYPE,3,7,Rank
TEAM RATINGS,F20,KC,RECALCULATED — DO NOT TYPE,-0.05,1.02,Preseason prior
TEAM RATINGS,H20,KC,RECALCULATED — DO NOT TYPE,-0.04,1.02,Blended base
TEAM RATINGS,J20,KC,RECALCULATED — DO NOT TYPE,-0.04,1.02,EFFECTIVE RATING
TEAM RATINGS,K20,KC,RECALCULATED — DO NOT TYPE,18,15,Rank
TEAM RATINGS,F21,LA,RECALCULATED — DO NOT TYPE,5.11,5.36,Preseason prior
TEAM RATINGS,H21,LA,RECALCULATED — DO NOT TYPE,4.09,5.36,Blended base
TEAM RATINGS,J21,LA,RECALCULATED — DO NOT TYPE,4.09,5.36,EFFECTIVE RATING
TEAM RATINGS,K21,LA,RECALCULATED — DO NOT TYPE,2,1,Rank
TEAM RATINGS,F22,LAC,RECALCULATED — DO NOT TYPE,0.7,1.16,Preseason prior
TEAM RATINGS,H22,LAC,RECALCULATED — DO NOT TYPE,0.56,1.16,Blended base
TEAM RATINGS,J22,LAC,RECALCULATED — DO NOT TYPE,0.56,1.16,EFFECTIVE RATING
TEAM RATINGS,K22,LAC,RECALCULATED — DO NOT TYPE,15,14,Rank
TEAM RATINGS,F23,LV,RECALCULATED — DO NOT TYPE,-4.4,-4.5,Preseason prior
TEAM RATINGS,H23,LV,RECALCULATED — DO NOT TYPE,-3.52,-4.5,Blended base
TEAM RATINGS,J23,LV,RECALCULATED — DO NOT TYPE,-3.52,-4.5,EFFECTIVE RATING
TEAM RATINGS,K23,LV,RECALCULATED — DO NOT TYPE,31,31,Rank
TEAM RATINGS,F24,MIA,RECALCULATED — DO NOT TYPE,-3.3,-4.49,Preseason prior
TEAM RATINGS,H24,MIA,RECALCULATED — DO NOT TYPE,-2.64,-4.49,Blended base
TEAM RATINGS,J24,MIA,RECALCULATED — DO NOT TYPE,-2.64,-4.49,EFFECTIVE RATING
TEAM RATINGS,K24,MIA,RECALCULATED — DO NOT TYPE,29,30,Rank
TEAM RATINGS,F25,MIN,RECALCULATED — DO NOT TYPE,0.62,-0.01,Preseason prior
TEAM RATINGS,H25,MIN,RECALCULATED — DO NOT TYPE,0.5,-0.01,Blended base
TEAM RATINGS,J25,MIN,RECALCULATED — DO NOT TYPE,0.5,-0.01,EFFECTIVE RATING
TEAM RATINGS,K25,MIN,RECALCULATED — DO NOT TYPE,17,18,Rank
TEAM RATINGS,F26,NE,RECALCULATED — DO NOT TYPE,2.61,2.43,Preseason prior
TEAM RATINGS,H26,NE,RECALCULATED — DO NOT TYPE,2.09,2.43,Blended base
TEAM RATINGS,J26,NE,RECALCULATED — DO NOT TYPE,2.09,2.43,EFFECTIVE RATING
TEAM RATINGS,K26,NE,RECALCULATED — DO NOT TYPE,5,6,Rank
TEAM RATINGS,F27,NO,RECALCULATED — DO NOT TYPE,-1.17,-1.64,Preseason prior
TEAM RATINGS,H27,NO,RECALCULATED — DO NOT TYPE,-0.94,-1.64,Blended base
TEAM RATINGS,J27,NO,RECALCULATED — DO NOT TYPE,-0.94,-1.64,EFFECTIVE RATING
TEAM RATINGS,K27,NO,RECALCULATED — DO NOT TYPE,21,23,Rank
TEAM RATINGS,F28,NYG,RECALCULATED — DO NOT TYPE,-1.99,-1.9,Preseason prior
TEAM RATINGS,H28,NYG,RECALCULATED — DO NOT TYPE,-1.59,-1.9,Blended base
TEAM RATINGS,J28,NYG,RECALCULATED — DO NOT TYPE,-1.59,-1.9,EFFECTIVE RATING
TEAM RATINGS,K28,NYG,RECALCULATED — DO NOT TYPE,24,24,Rank
TEAM RATINGS,F29,NYJ,RECALCULATED — DO NOT TYPE,-5.84,-5.5,Preseason prior
TEAM RATINGS,H29,NYJ,RECALCULATED — DO NOT TYPE,-4.67,-5.5,Blended base
TEAM RATINGS,J29,NYJ,RECALCULATED — DO NOT TYPE,-4.67,-5.5,EFFECTIVE RATING
TEAM RATINGS,K29,NYJ,RECALCULATED — DO NOT TYPE,32,32,Rank
TEAM RATINGS,F30,PHI,RECALCULATED — DO NOT TYPE,1.87,2.17,Preseason prior
TEAM RATINGS,H30,PHI,RECALCULATED — DO NOT TYPE,1.5,2.17,Blended base
TEAM RATINGS,J30,PHI,RECALCULATED — DO NOT TYPE,1.5,2.17,EFFECTIVE RATING
TEAM RATINGS,K30,PHI,RECALCULATED — DO NOT TYPE,9,10,Rank
TEAM RATINGS,F31,PIT,RECALCULATED — DO NOT TYPE,0.82,0.06,Preseason prior
TEAM RATINGS,H31,PIT,RECALCULATED — DO NOT TYPE,0.66,0.06,Blended base
TEAM RATINGS,J31,PIT,RECALCULATED — DO NOT TYPE,0.66,0.06,EFFECTIVE RATING
TEAM RATINGS,K31,PIT,RECALCULATED — DO NOT TYPE,14,17,Rank
TEAM RATINGS,F32,SEA,RECALCULATED — DO NOT TYPE,5.13,4.84,Preseason prior
TEAM RATINGS,H32,SEA,RECALCULATED — DO NOT TYPE,4.1,4.84,Blended base
TEAM RATINGS,J32,SEA,RECALCULATED — DO NOT TYPE,4.1,4.84,EFFECTIVE RATING
TEAM RATINGS,K32,SEA,RECALCULATED — DO NOT TYPE,1,2,Rank
TEAM RATINGS,F33,SF,RECALCULATED — DO NOT TYPE,2.22,2.68,Preseason prior
TEAM RATINGS,H33,SF,RECALCULATED — DO NOT TYPE,1.78,2.68,Blended base
TEAM RATINGS,J33,SF,RECALCULATED — DO NOT TYPE,1.78,2.68,EFFECTIVE RATING
TEAM RATINGS,K33,SF,RECALCULATED — DO NOT TYPE,7,4,Rank
TEAM RATINGS,F34,TB,RECALCULATED — DO NOT TYPE,-0.6,-0.55,Preseason prior
TEAM RATINGS,H34,TB,RECALCULATED — DO NOT TYPE,-0.48,-0.55,Blended base
TEAM RATINGS,J34,TB,RECALCULATED — DO NOT TYPE,-0.48,-0.55,EFFECTIVE RATING
TEAM RATINGS,K34,TB,RECALCULATED — DO NOT TYPE,20,19,Rank
TEAM RATINGS,F35,TEN,RECALCULATED — DO NOT TYPE,-3.93,-3.86,Preseason prior
TEAM RATINGS,H35,TEN,RECALCULATED — DO NOT TYPE,-3.14,-3.86,Blended base
TEAM RATINGS,J35,TEN,RECALCULATED — DO NOT TYPE,-3.14,-3.86,EFFECTIVE RATING
TEAM RATINGS,K35,TEN,RECALCULATED — DO NOT TYPE,30,28,Rank
TEAM RATINGS,F36,WAS,RECALCULATED — DO NOT TYPE,-2.53,-1.92,Preseason prior
TEAM RATINGS,H36,WAS,RECALCULATED — DO NOT TYPE,-2.02,-1.92,Blended base
TEAM RATINGS,J36,WAS,RECALCULATED — DO NOT TYPE,-2.02,-1.92,EFFECTIVE RATING
TEAM RATINGS,K36,WAS,RECALCULATED — DO NOT TYPE,25,25,Rank
TEAM RATINGS,D5:D36,all,RECALCULATED — DO NOT TYPE,0 (coerced),(blank),In-season governed rating at GP=0
ENGINE / DASHBOARD,all Week-1 rows,all,RECALCULATED — DO NOT TYPE,see slate CSV 'Baseline edge',see slate CSV 'SpreadEdge',16 games; recomputed from the new effective ratings
