Team,SrcA raw,SrcA regressed,VSiN Makinen raw,VSiN centered,ESPN FPI raw,FPI centered,Combined B centered,Win total BetMGM,Win total Fanatics,Win total consensus,WinTotal conflict?,SrcC implied pts,Prior current (A only),Prior A+B VSiN,Prior A+B FPI,Prior A+B combined,Prior A+B+C combined,Wk1 eff current (W1-A),Wk1 eff current (W1-B),Wk1 eff A+B VSiN (W1-A),Wk1 eff A+B FPI (W1-A),Wk1 eff A+B comb (W1-A),Wk1 eff A+B comb (W1-B),Wk1 eff A+B+C comb (W1-A),Rank current,Rank A+B VSiN,Rank A+B FPI,Rank A+B comb,Rank A+B+C comb,FPI rank,Flag TTW-vs-FPI >=2.5,Flag rank gap >=8,Flag movement >=1.5,Flag SrcC direction,Flag GP0-dependent >=0.8
ARI,-3.86,-2.59,17.5,-6.5,-5.38,-5.43,-5.96,3.5,4.5,4,Y,-9.58,-2.59,-4.41,-3.92,-4.16,-5.52,-2.07,-2.59,-3.53,-3.14,-3.33,-4.16,-4.42,26,30,27,29,31,31,Y,N,Y,N,N
ATL,-0.12,-0.08,21.5,-2.5,-1.8,-1.85,-2.17,7.5,7.5,7.5,N,-2.23,-0.08,-1.21,-0.91,-1.06,-1.35,-0.06,-0.08,-0.97,-0.73,-0.85,-1.06,-1.08,19,21,22,21,22,24,N,N,N,N,N
BAL,1.72,1.15,28.5,4.5,3.45,3.41,3.95,11.5,11.5,11.5,N,6.17,1.15,2.71,2.2,2.46,3.39,0.92,1.15,2.17,1.76,1.97,2.46,2.71,10,6,7,5,3,4,N,N,N,N,N
BUF,3.27,2.19,28.5,4.5,4.11,4.07,4.28,10.5,10.5,10.5,N,4.07,2.19,3.27,3.07,3.17,3.39,1.75,2.19,2.62,2.46,2.54,3.17,2.71,8,3,3,3,3,2,N,N,N,N,N
CAR,-2.42,-1.62,22,-2,-2.9,-2.95,-2.47,7.5,7.5,7.5,N,-2.23,-1.62,-1.8,-2.24,-2.02,-2.07,-1.3,-1.62,-1.44,-1.79,-1.62,-2.02,-1.66,22,24,26,26,26,26,N,N,N,N,N
CHI,1.6,1.07,26,2,1.11,1.07,1.53,9.5,9.5,9.5,N,1.97,1.07,1.5,1.07,1.28,1.46,0.86,1.07,1.2,0.86,1.02,1.28,1.17,11,12,15,13,15,17,N,N,N,N,N
CIN,-2.85,-1.91,24,0,1.84,1.79,0.9,9.5,9.5,9.5,N,1.97,-1.91,-1.02,-0.18,-0.6,0.04,-1.53,-1.91,-0.82,-0.14,-0.48,-0.6,0.03,23,20,19,20,16,12,Y,Y,N,N,N
CLE,-4.85,-3.25,20.5,-3.5,-5.31,-5.36,-4.43,5.5,5.5,5.5,N,-6.43,-3.25,-3.37,-4.23,-3.8,-4.46,-2.6,-3.25,-2.7,-3.38,-3.04,-3.8,-3.57,28,27,29,27,28,30,Y,N,N,N,N
DAL,-4.21,-2.82,24,0,1.88,1.83,0.92,9.5,8.5,9,Y,0.92,-2.82,-1.5,-0.65,-1.07,-0.58,-2.26,-2.82,-1.2,-0.52,-0.86,-1.07,-0.46,27,23,21,22,21,11,Y,Y,Y,N,N
DEN,3.59,2.41,27,3,1.46,1.42,2.21,9.5,9.5,9.5,N,1.97,2.41,2.69,1.95,2.32,2.23,1.93,2.41,2.15,1.56,1.86,2.32,1.78,6,7,9,8,9,15,N,Y,N,N,N
DET,1.6,1.07,26,2,2.62,2.58,2.29,10.5,10.5,10.5,N,4.07,1.07,1.5,1.77,1.64,2.25,0.86,1.07,1.2,1.42,1.31,1.64,1.8,11,12,11,11,8,8,N,N,N,N,N
GB,0.95,0.64,26.5,2.5,2.72,2.67,2.59,9.5,10.5,10,Y,3.02,0.64,1.51,1.59,1.55,1.92,0.51,0.64,1.21,1.27,1.24,1.55,1.54,16,11,13,12,12,7,N,Y,N,N,N
HOU,5.06,3.39,24.5,0.5,1.67,1.63,1.06,9.5,9.5,9.5,N,1.97,3.39,2.04,2.57,2.3,2.22,2.71,3.39,1.63,2.06,1.84,2.3,1.78,4,10,5,9,9,13,N,Y,N,N,N
IND,1.52,1.02,23,-1,-0.36,-0.4,-0.7,7.5,7.5,7.5,N,-2.23,1.02,0.08,0.36,0.22,-0.39,0.82,1.02,0.06,0.29,0.18,0.22,-0.31,13,16,16,16,19,19,N,N,N,N,N
JAX,6.02,4.03,24,0,1.12,1.08,0.54,9.5,8.5,9,Y,0.92,4.03,2.15,2.65,2.4,2.03,3.22,4.03,1.72,2.12,1.92,2.4,1.62,3,9,4,7,11,16,N,Y,Y,N,Y
KC,-0.07,-0.05,26,2,2.55,2.5,2.25,10.5,10.5,10.5,N,4.07,-0.05,0.91,1.14,1.02,1.79,-0.04,-0.05,0.73,0.91,0.82,1.02,1.43,18,14,14,15,13,9,Y,Y,N,N,N
LA,7.62,5.11,29.5,5.5,5.85,5.81,5.65,11.5,11.5,11.5,N,6.17,5.11,5.29,5.44,5.36,5.56,4.09,5.11,4.23,4.35,4.29,5.36,4.45,2,2,1,1,1,1,N,N,N,N,Y
LAC,1.05,0.7,24.5,0.5,2.9,2.86,1.68,10.5,9.5,10,Y,3.02,0.7,0.61,1.71,1.16,1.62,0.56,0.7,0.49,1.37,0.93,1.16,1.3,15,15,12,14,14,6,N,Y,N,N,N
LV,-6.57,-4.4,19.5,-4.5,-4.67,-4.72,-4.61,5.5,5.5,5.5,N,-6.43,-4.4,-4.45,-4.55,-4.5,-4.98,-3.52,-4.4,-3.56,-3.64,-3.6,-4.5,-3.98,31,31,30,31,29,28,N,N,N,N,Y
MIA,-4.92,-3.3,18.5,-5.5,-6.14,-6.19,-5.84,4.5,4.5,4.5,N,-8.53,-3.3,-4.33,-4.65,-4.49,-5.5,-2.64,-3.3,-3.46,-3.72,-3.59,-4.49,-4.4,29,29,31,30,30,32,Y,N,N,N,N
MIN,0.93,0.62,23,-1,-0.4,-0.44,-0.72,8.5,8.5,8.5,N,-0.13,0.62,-0.14,0.13,-0.01,-0.04,0.5,0.62,-0.11,0.1,-0.01,-0.01,-0.03,17,18,18,18,18,20,N,N,N,N,N
NE,3.9,2.61,27,3,1.5,1.45,2.23,10.5,9.5,10,Y,3.02,2.61,2.79,2.07,2.43,2.58,2.09,2.61,2.23,1.66,1.94,2.43,2.06,5,5,8,6,7,14,N,Y,N,N,N
NO,-1.74,-1.17,22.5,-1.5,-2.82,-2.86,-2.18,7.5,7.5,7.5,N,-2.23,-1.17,-1.32,-1.96,-1.64,-1.79,-0.94,-1.17,-1.06,-1.57,-1.31,-1.64,-1.43,21,22,24,23,23,25,N,N,N,N,N
NYG,-2.97,-1.99,22,-2,-1.53,-1.57,-1.79,7.5,7.5,7.5,N,-2.23,-1.99,-1.99,-1.79,-1.9,-1.98,-1.59,-1.99,-1.59,-1.43,-1.52,-1.9,-1.58,24,26,23,24,24,23,N,N,N,N,N
NYJ,-8.71,-5.84,18.5,-5.5,-4.7,-4.75,-5.12,5.5,5.5,5.5,N,-6.43,-5.84,-5.68,-5.33,-5.5,-5.74,-4.67,-5.84,-4.54,-4.26,-4.4,-5.5,-4.59,32,32,32,32,32,29,N,N,N,N,Y
PHI,2.79,1.87,27,3,2.08,2.04,2.52,10.5,10.5,10.5,N,4.07,1.87,2.4,1.95,2.17,2.65,1.5,1.87,1.92,1.56,1.74,2.17,2.12,9,8,9,10,6,10,N,N,N,N,N
PIT,1.23,0.82,23,-1,-0.56,-0.6,-0.8,8.5,8.5,8.5,N,-0.13,0.82,-0.03,0.16,0.06,0.02,0.66,0.82,-0.02,0.13,0.05,0.06,0.02,14,17,17,17,17,21,N,N,N,N,N
SEA,7.65,5.13,29.5,5.5,3.55,3.51,4.5,10.5,10.5,10.5,N,4.07,5.13,5.3,4.37,4.84,4.64,4.1,5.13,4.24,3.5,3.87,4.84,3.71,1,1,2,2,2,3,N,N,N,N,Y
SF,3.31,2.22,27.5,3.5,2.96,2.92,3.21,10.5,10.5,10.5,N,4.07,2.22,2.82,2.55,2.68,3.03,1.78,2.22,2.26,2.04,2.14,2.68,2.42,7,4,6,4,5,5,N,N,N,N,N
TB,-0.89,-0.6,23,-1,0.04,-0.01,-0.5,8.5,8.5,8.5,N,-0.13,-0.6,-0.79,-0.32,-0.55,-0.45,-0.48,-0.6,-0.63,-0.26,-0.44,-0.55,-0.36,20,19,20,19,20,18,N,N,N,N,N
TEN,-5.87,-3.93,20.5,-3.5,-4.02,-4.06,-3.78,6.5,6.5,6.5,N,-4.33,-3.93,-3.73,-3.99,-3.86,-3.98,-3.14,-3.93,-2.98,-3.19,-3.09,-3.86,-3.18,30,28,28,28,27,27,N,N,N,N,N
WAS,-3.77,-2.53,23,-1,-1.4,-1.44,-1.22,7.5,7.5,7.5,N,-2.23,-2.53,-1.82,-2.02,-1.92,-2,-2.02,-2.53,-1.46,-1.62,-1.54,-1.92,-1.6,25,25,25,25,25,22,N,N,N,N,N
